<?xml version="1.0" encoding="UTF-8"?>
<project-private xmlns="http://www.netbeans.org/ns/project-private/1">
    <editor-bookmarks xmlns="http://www.netbeans.org/ns/editor-bookmarks/2" lastBookmarkId="0"/>
    <open-files xmlns="http://www.netbeans.org/ns/projectui-open-files/2">
        <group>
            <file>file:/C:/Users/Thinkpad/Documents/NetBeansProjects/psychology/src/Home_page.java</file>
            <file>file:/C:/Users/Thinkpad/Documents/NetBeansProjects/psychology/src/patient.java</file>
            <file>file:/C:/Users/Thinkpad/Documents/NetBeansProjects/psychology/src/Reports.java</file>
            <file>file:/C:/Users/Thinkpad/Documents/NetBeansProjects/psychology/src/Billinginfo.java</file>
            <file>file:/C:/Users/Thinkpad/Documents/NetBeansProjects/psychology/src/Medicines.java</file>
            <file>file:/C:/Users/Thinkpad/Documents/NetBeansProjects/psychology/src/login.java</file>
            <file>file:/C:/Users/Thinkpad/Documents/NetBeansProjects/psychology/src/CheckUp.java</file>
            <file>file:/C:/Users/Thinkpad/Documents/NetBeansProjects/psychology/src/Medicine.java</file>
            <file>file:/C:/Users/Thinkpad/Documents/NetBeansProjects/psychology/src/patients.java</file>
        </group>
    </open-files>
</project-private>
